,run_name,solver,sketch_size_formula,sketch_size,time (median),time (1st quartile),time (3rd quartile)
0,inc_mom,subsample,m^(2/3),20,0.5684735264994742,0.5582339487500576,0.5971842832495895
1,inc_mom,subsample,m/4,22,0.5855187174993262,0.5711621892496623,0.6150213630003236
2,inc_mom,subsample,m/2,45,0.707062056999348,0.5647982547507127,0.9129154044999268
3,inc_mom,count,m^(2/3),20,1.3461601465005515,1.1256279850013016,1.7113058630002342
4,inc_mom,count,m/4,22,1.456684153500646,1.194811506500173,1.7627528572502342
5,inc_mom,count,m/2,45,0.8548878459996558,0.764893914250024,0.9354515552508929
