,0,1e-3*baseline,1e2*baseline
0,0.0,1074285.8472902912,107428584729.02913
