,run_name,solver,sketch_size_formula,sketch_size,time (median),time (1st quartile),time (3rd quartile)
0,year_prediction,subsample,m/4,22,0.7411988040003052,0.702572529500685,0.7596034937505465
1,year_prediction,gaussian,m/4,22,0.8469442269997671,0.8170376422485788,0.867337017751197
2,year_prediction,count,m/4,22,1.2536700050004583,1.203458139499162,1.333817703501154
3,year_prediction,subcount,m/4,22,0.9227220730008412,0.887506676747762,0.9346670629984146
4,year_prediction,hadamard,m/4,22,5.3422060615012015,5.129478738000216,5.75074351999956
