,run_name,solver,sketch_size_formula,sketch_size,time (median),time (1st quartile),time (3rd quartile)
0,year_prediction,subsample,m/4,22,0.6318152644998918,0.5742275379998318,0.67342161425222
1,year_prediction,gaussian,m/4,22,0.6850655195012223,0.643480204997104,0.8158127569950011
2,year_prediction,count,m/4,22,0.7603530195046915,0.7446939020046557,0.7865452657497372
3,year_prediction,subcount,m/4,22,0.6341545010000118,0.6295632210003532,0.6407919854973443
4,year_prediction,hadamard,m/4,22,4.091482826501306,3.7920053867528623,5.317891391003286
