,run_name,solver,sketch_size_formula,sketch_size,time (median),time (1st quartile),time (3rd quartile)
0,inc_mom,subsample,m^(2/3),20,1.1462736430003133,1.1349533510037872,1.1627119370023138
1,inc_mom,subsample,m/4,22,1.1450994179976988,1.1324292577482993,1.1623614685013308
2,inc_mom,subsample,m/2,45,1.0001547599968035,0.9843960635007534,1.047116491747147
3,inc_mom,count,m^(2/3),20,1.9478764810010034,1.7804593007513176,2.0477797377552633
4,inc_mom,count,m/4,22,1.5673961655011226,1.536879722501908,1.6776915772516077
5,inc_mom,count,m/2,45,1.18982809299996,1.1504802569997992,1.2097943762528303
