,0,1e-3*baseline,1e2*baseline
0,0.0,1557912.5661205654,155791256612.05655
