,0,1e-3*baseline,1e2*baseline
0,0.0,1011.240661684151,101124066.1684151
