,0,1e-3*baseline,1e2*baseline
0,0.0,0.6674829782711084,66748.29782711083
